INSERT INTO projects VALUES (1, "project 1", "Why", 10.00, "yesterday", "never");
INSERT INTO projects VALUES (2,"project 2", "Why", 10.00, "yesterday", "never");
INSERT INTO projects VALUES (3,"project 3", "Why", 10.00, "yesterday", "never");
INSERT INTO projects VALUES (4,"project 4", "Why", 10.00, "yesterday", "never");
INSERT INTO projects VALUES (5,"project 5", "Why", 10.00, "yesterday", "never");
INSERT INTO projects VALUES (6,"project 6", "Why", 10.00, "yesterday", "never");
INSERT INTO projects VALUES (7,"project 7", "Why", 10.00, "yesterday", "never");
INSERT INTO projects VALUES (8,"project 8", "Why", 10.00, "yesterday", "never");
INSERT INTO projects VALUES (9,"project 9", "Why", 10.00, "yesterday", "never");
INSERT INTO projects VALUES (10,"project 10", "Why", 10.00, "yesterday", "never");
INSERT INTO users(name, age) VALUES ("Thing 1", 2);
INSERT INTO users(name, age) VALUES ("Thing 2", 3);
INSERT INTO users(name, age) VALUES ("Thing 3", 4);
INSERT INTO users(name, age) VALUES ("Thing 4", 5);
INSERT INTO users(name, age) VALUES ("Thing 5", 6);
INSERT INTO users(name, age) VALUES ("Thing 6", 7);
INSERT INTO users(name, age) VALUES ("Thing 7", 8);
INSERT INTO users(name, age) VALUES ("Thing 8", 9);
INSERT INTO users(name, age) VALUES ("Thing 9", 10);
INSERT INTO users(name, age) VALUES ("Thing 10", 11);
INSERT INTO users(name, age) VALUES ("Thing 11", 12);
INSERT INTO users(name, age) VALUES ("Thing 12", 13);
INSERT INTO users(name, age) VALUES ("Thing 13", 14);
INSERT INTO users(name, age) VALUES ("Thing 14", 15);
INSERT INTO users(name, age) VALUES ("Thing 15", 16);
INSERT INTO users(name, age) VALUES ("Thing 16", 17);
INSERT INTO users(name, age) VALUES ("Thing 17", 18);
INSERT INTO users(name, age) VALUES ("Thing 18", 19);
INSERT INTO users(name, age) VALUES ("Thing 19", 20);
INSERT INTO users(name, age) VALUES ("Thing 20", 21);
INSERT INTO pledges(amount, user_id, project_id) VALUES (1.00, 1, 3);
INSERT INTO pledges(amount, user_id, project_id) VALUES (1.00, 1, 3);
INSERT INTO pledges(amount, user_id, project_id) VALUES (1.00, 1, 3);
INSERT INTO pledges(amount, user_id, project_id) VALUES (1.00, 1, 3);
INSERT INTO pledges(amount, user_id, project_id) VALUES (1.00, 2, 3);
INSERT INTO pledges(amount, user_id, project_id) VALUES (1.00, 2, 3);
INSERT INTO pledges(amount, user_id, project_id) VALUES (1.00, 2, 3);
INSERT INTO pledges(amount, user_id, project_id) VALUES (1.00, 2, 3);
INSERT INTO pledges(amount, user_id, project_id) VALUES (1.00, 3, 3);
INSERT INTO pledges(amount, user_id, project_id) VALUES (1.00, 3, 3);
INSERT INTO pledges(amount, user_id, project_id) VALUES (1.00, 3, 3);
INSERT INTO pledges(amount, user_id, project_id) VALUES (1.00, 3, 3);
INSERT INTO pledges(amount, user_id, project_id) VALUES (1.00, 1, 2);
INSERT INTO pledges(amount, user_id, project_id) VALUES (1.00, 1, 2);
INSERT INTO pledges(amount, user_id, project_id) VALUES (1.00, 1, 2);
INSERT INTO pledges(amount, user_id, project_id) VALUES (1.00, 1, 2);
INSERT INTO pledges(amount, user_id, project_id) VALUES (1.00, 2, 2);
INSERT INTO pledges(amount, user_id, project_id) VALUES (1.00, 2, 2);
INSERT INTO pledges(amount, user_id, project_id) VALUES (1.00, 2, 2);
INSERT INTO pledges(amount, user_id, project_id) VALUES (1.00, 2, 2);
INSERT INTO pledges(amount, user_id, project_id) VALUES (1.00, 3, 2);
INSERT INTO pledges(amount, user_id, project_id) VALUES (1.00, 3, 2);
INSERT INTO pledges(amount, user_id, project_id) VALUES (1.00, 3, 2);
INSERT INTO pledges(amount, user_id, project_id) VALUES (1.00, 3, 2);
INSERT INTO pledges(amount, user_id, project_id) VALUES (1.00, 4, 1);
INSERT INTO pledges(amount, user_id, project_id) VALUES (1.00, 4, 1);
INSERT INTO pledges(amount, user_id, project_id) VALUES (1.00, 4, 1);
INSERT INTO pledges(amount, user_id, project_id) VALUES (1.00, 4, 1);
INSERT INTO pledges(amount, user_id, project_id) VALUES (1.00, 5, 2);
INSERT INTO pledges(amount, user_id, project_id) VALUES (1.00, 6, 1); 